Plot Name,Year,Site,PPQ,DEM_Scale (cm),OBJECTID *,SHAPE *,SHAPE_Length,SHAPE_Area,Z_Min,Z_Max,Z_Mean,SArea,Min_Slope,Max_Slope,Avg_Slope,3D Surface Area Complexity,Rugosity,,,,,,,,,,,,,,,,,,,,,,,,,,,,,,,,,
KI15_Site27_MPQ1,2015,27,1,1,1,Polygon,15.801129,15.602278,2.736817,3.467094,2.924584,25.357793,0,10000,1319.597844,1.625262221,1.625262221,,,,,,,,,,,,,,,,,,,,,,,,,,,,,,,,,
KI17_Site27_MPQ2,2017,27,1,1,2,Polygon,15.385688,14.771406,4.280056,5.341843,4.750695,20.62497,0.357914,10000,169.258213,1.396276698,1.396276698,,,,,,,,,,,,,,,,,,,,,,,,,,,,,,,,,
KI19_Site27_MPQ3,2019,27,1,1,1,Polygon,15.497013,14.99459,-0.99896,-0.139352,-0.693137,23.816788,0.111627,10000,205.750389,1.588358735,1.588358735,,,,,,,,,,,,,,,,,,,,,,,,,,,,,,,,,
KI17_Site5_MPQ1,2017,5,1,1,1,Polygon,16.334777,16.314084,4.3634,5.445906,4.885024,34.618448,0.066776,10000,435.172979,2.121997656,2.121997656,,,,,,,,,,,,,,,,,,,,,,,,,,,,,,,,,
KI19_Site5_MPQ1,2019,5,1,1,1,Polygon,16.607787,16.883299,-2.573118,-1.233924,-1.912594,40.111256,0.076266,10000,636.742771,2.37579492,2.37579492,,,,,,,,,,,,,,,,,,,,,,,,,,,,,,,,,
KI17_Site5_MPQ2,2017,5,2,1,1,Polygon,17.167976,17.96456,1.357852,3.89473,2.702435,31.187365,0.244467,10000,308.219501,1.736049477,1.736049477,,,,,,,,,,,,,,,,,,,,,,,,,,,,,,,,,
KI19_Site5_MPQ2,2019,5,2,1,1,Polygon,18.655597,21.090163,-3.192359,-1.542806,-2.359359,41.035644,0.259099,10000,419.355485,1.945724364,1.945724364,,,,,,,,,,,,,,,,,,,,,,,,,,,,,,,,,
KI17_Site27_MPQ2,2017,27,2,1,1,Polygon,16.039664,15.923502,4.112631,4.948131,4.49693,21.425226,0,10000,147.288083,1.345509675,1.345509675,,,,,,,,,,,,,,,,,,,,,,,,,,,,,,,,,
KI19_Site27_MPQ3,2019,27,2,1,1,Polygon,16.691975,17.288985,-1.90285,0,-1.369769,26.978198,0.105004,10000,226.624842,1.560426942,1.560426942,,,,,,,,,,,,,,,,,,,,,,,,,,,,,,,,,