Site,hum_dist_site,Year,PPQ,X2D_Area,rugosity,terrain_rug,abs_curv,heat_stress,hum_dist,Processor
5,VL3,2017,2,17.463297,1.750698966,0.050039602,2.788642846,After,Very Low,JM
35,M2,2017,2,14.841241,1.694455807,0.051567695,15.18172922,After,Medium,JM
5,VL3,2017,2,18.375001,1.73724328,0.050044986,1.81E-06,After,Very Low,KB
35,M2,2017,2,14.4032,1.695971173,0.051775212,1.36E-06,After,Medium,KB